Model,KS Score (Fidelity),MAPE (Mean Error),Corr. Diff (Structure),DCR (Privacy),Adv. Accuracy,Pre-Trend Slope,Dep Anchor Corr,Wealth Anchor Corr
CTGAN,0.9008854577292104,0.32449240576679306,5.712608361603385,1.2358325704244502,0.965,0.6722584605939683,0.5795879603306402,0.7163628951749931
TVAE,0.8709508967940133,0.4584288219356725,4.278253306542793,0.6701913140663678,0.9416666666666667,1.5752183205009511,0.7263742852438136,0.7977199345929274
TTVAE,0.6362076560261939,0.8647735608361206,9.8232524384133,0.9041940354278183,1.0,0.7555614864521378,0.8614764428931332,0.8257986445199461
